,question_id,question_text,test_type,description,model,source,global_discipline_name,grade,answers,correct_answer_indices
0,4219882a-11a5-4d12-a319-aef44197bbea,"Чому дорівнює знаменник геометричної прогресії \((b_n)\), якщо \( b_1=56,  b_2=7\)?",single_choice,,manual,imported_from_lms,Алгебра,9,['8' '49' '–8' '\\(\\frac{ 1}{8}\\)'],[3]
1,ab6163d7-3b31-41f9-9505-c7b94877bc9b,Яка з основних тенденцій «довгого ХІХ ст.» була зумовлена подіями Французької революції?,single_choice,,manual,imported_from_lms,Історія України,9,"['формування політичних націй'
 'прискорення процесів промислового перевороту'
 'перехід від аграрного суспільства до індустріального'
 'індустріалізація та початок  глобалізаційних процесів']",[0]
2,b2b3bba3-bd74-41c4-b90e-339b555cb7ec,Знайдіть множину розв’язків нерівності \((x+6)^2<0\) .,single_choice,,manual,imported_from_lms,Алгебра,9,['\\(R\\)' '\\(−6\\)' '\\(6\\)' '\\(∅\\)'],[3]
3,4d68cf6d-f021-4ede-a1a0-66b06fc36cb1,На рисунку зображено графік функції \(y = ax^2\). Укажіть значення a.,single_choice,,manual,imported_from_lms,Алгебра,9,"['2' '0,5' '-2' '1']",[1]
4,bd7f90d9-93fa-4933-bc50-3e816e08bac8,Знайдіть нулі функції \(у = x^2 + 5x - 6 \).,single_choice,,manual,imported_from_lms,Алгебра,9,['\\(- 1; 6 \\)' '\\(1; 6 \\)' '\\(- 6; 1 \\)' '\\(- 6; -1 \\)'],[2]
5,2f0e487a-d55a-4dd3-ba54-bfeadffd1f01,Яка подія відбулася найраніше?,single_choice,,manual,imported_from_lms,Історія України,8,"['Корсунська битва' 'Пилявецька битва' 'Жовтоводська битва'
 'Зборівська битва']",[2]
6,d69ee65e-bbd4-470e-a329-9df5a8f2db86,Укажіть допустимі значення змінної \(x\) у виразі \(\frac{x-3}{x+4}+\frac{1}{x(x-2)}\).,single_choice,,manual,imported_from_lms,Алгебра,8,['\\(x≠-4; 0; 2\\)' '\\(x≠-4; 0; 2; 3\\)' '\\(x≠3\\)' '\\(x≠-4; 2\\)'],[0]
7,46d9f7d7-355e-49cb-ba74-5ab8a985813f,Односкладним називним є речення,single_choice,,manual,imported_from_lms,Українська мова,8,"['Теплий вітерець повіяв.' 'Холодний день.' 'Камінь холодний'
 'Сьогодні холодний день.']",[1]
8,03ee0ed3-1064-4ec6-ab31-f4db837c7954,"Тире, тому що речення неповне, вжито в реченні:",single_choice,,manual,imported_from_lms,Українська мова,8,"['Життя – це боротьба.' 'Боротись – значить жить.'
 'Життя триває довго, щастя – мить.'
 'І чебрець, і м’яту, і любисток – усе вирощувала мати.']",[2]
9,b709f8aa-ec23-43d4-b4c6-c77c06892ca0,"Безособове речення, у якому головним членом є особове дієслово в значенні безособового",single_choice,,manual,imported_from_lms,Українська мова,8,"['Вітер розкуйовдив крони дерев.' 'Правди не сховаєш.'
 'Аж раптом блиснуло зовсім поряд.' 'Вогник блиснув і погас.']",[2]
10,1dd7923a-0a63-4f30-8c5b-31e14013855d,"Укажіть рядок, у якому зазначено правильне твердження.",single_choice,,manual,imported_from_lms,Українська мова,9,"['між частинами складносурядного речення ставимо крапку з комою, якщо друга частина виражає наслідок (висновок) з того, про що йдеться в першій частині'
 'кома між частинами складносурядного речення ставиться лише перед протиставними сполучниками'
 'тире між частинами складносурядного речення ставиться, якщо частини виражають одночасність подій'
 'не ставиться розділовий знак перед сполучниками і, й, та(=і), або, чи, якщо частини складносурядного речення мають спільний другорядний член речення']",[3]
11,9dad9dee-80f0-4e9f-b9f1-f08c8a2a02b0,"Про події якого року йдеться в уривку з історичного джерела? «…нашому генерал-поручику Текелію з довіреними нашими військами... без будь-якого опору з боку козаків, тому що були оточені з усіх боків... у цілковитому порядку …найспокійнішим чином виконати доручену йому справу, уникаючи, наскільки це можливо, кровопролиття...»",single_choice,,manual,imported_from_lms,Історія України,8,['1772 р.' '1775 р.' '1783 р.' '1791 р.'],[1]
12,833eda18-b7f8-45c3-9e67-df21da7bba84,Немає додатка в такому реченні:,single_choice,,manual,imported_from_lms,Українська мова,8,"['Посадила мати три ясени в полі.' 'Читати я навчився в п’ять років.'
 'Мені годі думати про порятунок.' 'Довженко став відомим режисером.']",[3]
13,7ff915f9-5490-49ca-bc00-ebfd7ebfbca7,"У реченні “Ластівки літали понад самою землею мовчки, без щебету; шуліка, розпластавши крила, висів непорушно у синім небі” між частинами ставиться крапка з комою, бо вони",single_choice,,manual,imported_from_lms,Українська мова,9,"['виражають одночасність' 'далекі за змістом'
 'ускладнені однорідними членами' 'виражають доповнення']",[1]
14,e858bd3f-66d0-4351-8039-dac8419893f4,У якому реченні відокремлений додаток конкретизує зміст сказаного?,single_choice,,manual,imported_from_lms,Українська мова,8,"['На ґанку не було нічого, крім засушеного букета жоржин.'
 'Деякі учні вирішили вступати до іноземних університетів, зокрема Іван та Інга.'
 'Усі дівчата, опріч Марічки, збиралися на екскурсію до Львова.'
 'Ніхто не знав про його негаразди, за винятком найкращого друга.']",[1]
15,efd0607c-e6bf-4963-b4fd-f9515d16f0e4,У складі якої держави перебувала більшість українських земель на початку ХІХ ст.?,single_choice,,manual,imported_from_lms,Історія України,9,"['Австрійської імперії' 'Османської імперії' 'Речі Посполитої'
 'Російської імперії']",[3]
16,d89ac211-1021-48cc-bea4-917f28f20b31,Виберіть складносурядне речення.,single_choice,,manual,imported_from_lms,Українська мова,9,"['Вони й не мріяли купити кращу хату, чи хоч би ще одне ліжко, бо були дуже вбогі.'
 'Йдучи вранці до школи, Чарлі бачив у вітринах крамничок цілі стоси величезних шоколадних плиток.'
 'І як же він прагнув потрапити на фабрику й побачити, що ж там усередині.'
 'Хатинка аж ніяк не була розрахована на стількох людей, і жилося їм там страшенно незручно.']",[3]
17,c22fd607-1719-417d-97c3-208e4256a25a,"Виберіть рядок, у якому допущено пунктуаційну помилку.",single_choice,,manual,imported_from_lms,Українська мова,9,"['На оболоні, залитій водою, походжали на певній відстані один від одного, поважно переставляючи ноги, лелеки.'
 'Кінь вийшов на сизу піщану косу і струсивши воду, відчув себе вільним, сильним, непереможним.'
 'До кімнати весело вбігли близнюки, які міцно трималися за руки.'
 'Київськими вулицями вишикувалися каштани – почесна варта весни.']",[1]
18,e288b6aa-ba02-4ed1-a2a7-157950ef0c2f,Словосполученнями є обидві сполуки слів у такому рядку:,single_choice,,manual,imported_from_lms,Українська мова,8,"['пташині зграї, відповідно до постанови'
 'пускати бісики, надзвичайно талановитий'
 'найбільш відомий, травнева ніч' 'гострий біль, відчинити вікно']",[3]
19,26b07ecf-dfa9-4093-8ab1-9d6019ee03f7,У якому році відбувся перший поділ Речі Посполитої?,single_choice,,manual,imported_from_lms,Історія України,8,['1772 р.' '1775 р.' '1793 р.' '1795 р.'],[0]
20,76f3a0da-f4ee-4b01-878e-a8e8a17dfadb,Знайдіть суму восьми перших членів геометричної прогресії \(b_n\) зі знаменником \(q\) у якої \(b_1= -2\) та \(q = 3\).,single_choice,,manual,imported_from_lms,Алгебра,9,['\\(3^8 - 1\\)' '\\(-2(3^8-1)\\)' '\\(-2(1-3^7)\\)' '\\(1-3^8\\)'],[3]
21,f505a56f-acf2-4ddb-9f3b-191d957916f8,Що було характерним для діяльності козацької старшини часів Нової Січі?,single_choice,,manual,imported_from_lms,Історія України,8,"['звернення до російських імператорів з проханням розширити їхні привілеї'
 'сприяння розвитку сільського господарства, ремесел, торгівлі'
 'активна участь у діяльності Другої Малоросійської колегії'
 'захоплення контролю над торгівлею зерном в усій Україні']",[1]
22,3e1901f6-2fc9-4e81-a300-39e3c17f9c8c,"Виберіть правильне продовження твердження. Лексикологія — розділ мовознавства, що вивчає…",single_choice,,manual,imported_from_lms,Українська мова,8,"['способи об’єднання слів у словосполученні й реченні, будову словосполучень і речень'
 'текст, зміст та його будову'
 'слова, їхнє значення, походження й уживання'
 'стійкі словосполучення, їхнє значення й уживання']",[2]
23,59a5fe02-4406-48bf-8e38-6dd1bc7b5d89,На які адміністративні одиниці були поділені землі Російської імперії у ХІХ ст.?,single_choice,,manual,imported_from_lms,Історія України,9,"['області, райони' 'губернії, повіти' 'волості, староства'
 'воєводства, повіти']",[1]
24,12667dfd-a7d5-4272-934d-7718dadbd0cf,"Прочитайте уривок з історичного документа. Визначте, про яку подію у ньому йдеться. «…Усім уніатам і не уніатам надається право вільного відправлення свого богослужіння... ремонтувати свої церкви й будувати нові...»",single_choice,,manual,imported_from_lms,Історія України,8,"['А. укладення Люблінської унії'
 'Б. заснування православних братств і здобуття ними прав на ставропігію'
 'В.  визнання Православної церкви та легалізація вищої ієрархії «Пунктами для заспокоєння руського народу»'
 'Г. визначення прав різних станів Литовськими статутами']",[2]
25,7b355912-4160-46aa-841c-c6e670d8c779,За часів гетьманування І. Мазепи для соціально-економічного розвитку Лівобережної Гетьманщини був характерний процес,single_choice,,manual,imported_from_lms,Історія України,8,"['збільшення розмірів старшинських землеволодінь'
 'повна ліквідація панщини' 'обезземелення козацької старшини та шляхти'
 'скорочення землеволодінь російського дворянства']",[0]
26,17a53f99-9412-493c-ad99-0538aaff7f3d,Кого зі згаданих осіб називали «артільним батьком»?,single_choice,,manual,imported_from_lms,Історія України,9,"['Євгена Чикаленка' 'Миколу Левитського' 'Михайла Грушевського'
 'Івана Франка']",[1]
27,83c90951-fec0-4d1d-ab68-b3df91b5cffa,Скільки полків входило до складу Слобожанщини?,single_choice,,manual,imported_from_lms,Історія України,8,['два' 'три' 'чотири' 'п’ять'],[1]
28,85e6740b-73ba-44bd-99dd-587603d887ea,Фразеологізм «вискочити як Пилип з конопель» означає,single_choice,,manual,imported_from_lms,Українська мова,8,"['кінцева межа, край; крайність' 'зненацька, недоречно' 'запальна людина'
 'розносити плітки']",[1]
29,978d5d47-da1e-4d40-bece-efd142360831,"Картки з номерами \(1\), \(2\), \(3\), \(4\) довільним чином поклали в ряд. Яка ймовірність того, що картка з номером \(1\) опиниться на першому місці?",single_choice,,manual,imported_from_lms,Алгебра,9,['\\(0.05\\)' '\\(0.16\\)' '\\(0.25\\)' '\\(0.56\\)'],[2]
30,e06b940a-5147-4509-8054-a9eea7331c31,Розв’яжіть рівняння:\(\frac{9}{x}+\frac{10}{x+2}=1\),single_choice,,manual,imported_from_lms,Алгебра,8,"['\\(-\\frac{17}{19}\\)' '\\(−1 − 3\\sqrt2 ; −1+3\\sqrt2\\)'
 '\\(−1; 18\\)' 'немає коренів']",[2]
31,947ed39a-80ff-4481-9314-7d4617c0ba77,У якому рядку прикметники із суфіксом -ськ- утворяться від усіх іменників?,single_choice,,manual,imported_from_lms,Українська мова,8,"['адвокат, Калуш, гагауз' 'Карпати, матрос, чех' 'узбек, Бахмач, латиш'
 'казах, черкес, Прага']",[1]
32,8525e743-90b1-4926-9179-b4dd8f019155,"Прочитайте уривок із тексту  «Мистецтво розмови» й виконайте завдання. Щоб навчитися добре й змістовно говорити, необхідно постійно працювати, збагачуючи себе знаннями та досвідом, удосконалюючи освіту, інакше кажучи, усебічно розвивати свою особистість. До речі, успіхів у праці та стосунках із людьми ви теж досягнете лише тоді. Яким засобом міжфразового зв’язку поєднані речення?",single_choice,,manual,imported_from_lms,Українська мова,9,"['повтори слів' 'вставне слово або словосполучення' 'сполучники'
 'займенники']",[1]
33,2c72e5f8-92ff-45ff-ab79-8cd711e2365e,"Яка з формул задає функцію, графік якої одержимо внаслідок паралельного перенесення графіка функції \(y=\frac{8}{x}\) на 6 одиниць угору вздовж осі ординат?",single_choice,,manual,imported_from_lms,Алгебра,9,"['\\(y=\\frac{8}{x} - 6\\)' '\\(y=\\frac{8}{x-6}\\)'
 '\\(y=\\frac{8}{x} + 6\\)' '\\(y=\\frac{8}{x + 6}\\)']",[2]
34,7ae865be-b6f4-4cef-a8e7-1aa7a00dee19,Виконайте множення та вкажіть правильний варіант відповіді: \((3\sqrt{t} - 1)^2 \),single_choice,,manual,imported_from_lms,Алгебра,8,"['\\(9t - 1 \\)' '\\(9t + 1 \\)' '\\(9t - 6\\sqrt{t} + 1\\)'
 '\\(9t - 3\\sqrt{t} + 1\\)']",[2]
35,1258ce83-ccc9-42b0-b2dd-123dde303a5c,Визначте першу битву в процесі національно-визвольної війни під проводом Богдана Хмельницького.,single_choice,,manual,imported_from_lms,Історія України,8,['Корсунська' 'Жовтоводська' 'Зборівська' 'Пилявецька'],[1]
36,a2fde75e-bc62-49c0-86cc-ec20b864abec,Які адміністративно-територіальні одиниці утворено в  українських землях у складі Речі Посполитої?,single_choice,,manual,imported_from_lms,Історія України,8,['князівства' 'полки' 'воєводства' 'губернії'],[2]
37,7f98118f-d60c-41fb-bc6a-f0b107f3970e,Розділові знаки при звертанні правильно вжито в реченні,single_choice,,manual,imported_from_lms,Українська мова,8,"['Зійди дощику, дрібнесенький, Скропи травицю-муравицю, Нехай я вийду на вулицю.'
 'Прочини господарю, ворота, Занесем тобі віночка з золота.'
 'Ой куди ви, голубоньки, та й полетите, Куди моє дівування та й занесете?'
 'Зеленая, дібровонько, Чого так рано спустошена, Трава на сіно покошена?']",[2]
38,5dbe7d46-2a51-4976-97f4-55d468bc4bef,Яке із цих речень неповне?,single_choice,,manual,imported_from_lms,Українська мова,8,"['Вхід заборонено.' 'Забороняю так робити!' 'Заборонили девайси?'
 'Постійно забороняє.']",[3]
39,da0be4bf-2fb9-494a-b5cc-4c85dd687984,"Винесіть множник з-під знака кореня та оберіть правильний варіант відповіді: \(\sqrt{1,62} \)",single_choice,,manual,imported_from_lms,Алгебра,8,"['\\(9\\sqrt{2} \\)' '\\(0,9\\sqrt{2} \\)' '\\(0,3\\sqrt{2} \\)'
 '\\(0,8\\sqrt{2} \\)']",[1]
40,ba3175a9-fda5-4b1f-b6b4-d5d8d8923396,"Який розділовий знак пропущено в реченні? Папери лежали скрізь і на підлозі, і на столі, і навіть стіни були обліплені ними.",single_choice,,manual,imported_from_lms,Українська мова,9,['тире' 'кома' 'двокрапка' 'не потрібно ставити розділовий знак'],[2]
41,a5e8ae59-dc64-49c0-9520-f323b2ce756a,У рівнянні \(\frac{x}{y} - \frac{y}{3x} = 5\) здійснено заміну \(t = \frac{y}{x}\). Яке рівняння отримано?,single_choice,,manual,imported_from_lms,Алгебра,9,"['\\(-3t^2-5t+1=0\\)' '\\(-\\frac{1}{3}t^2-5t+1=0\\)'
 '\\(t^2 - \\frac{1}{3}t - 5 = 0\\)' '\\(t^2 - 3t - 5 = 0\\)']",[1]
42,1ade34d9-f459-4d25-af60-eb142dde0f2f,Двоскладним є речення:,single_choice,,manual,imported_from_lms,Українська мова,8,"['Обернеш пил на срібло і кришталь, наділиш тіні здатністю до тліну.'
 'Задзвонили в усі дзвони по всій Україні.'
 'Сади свій сад, плекай свої надії.'
 'По забутих стежках ти приходиш до мене.']",[3]
43,ab7b7160-8863-4dcb-9e7c-f92dfa9008d7,Хто є автором зображеної картини?,single_choice,,manual,imported_from_lms,Історія України,9,['В. Тропінін' 'В. Штернберг' 'С. Васильківський' 'Л. Долинський'],[0]
44,ff2fd7c8-c430-4589-8494-76d5d20edebf,При яких значеннях x має зміст вираз \(\sqrt{3x-9}\)?,single_choice,,manual,imported_from_lms,Алгебра,9,"['\\((-∞, 3)\\)' '\\((-∞, 3]\\)' '\\([3, +∞]\\)' '\\((3, +∞)\\)']",[2]
45,1d1c3289-a14d-4990-8a0e-ce99682b5a91,Знайдіть проміжки знакосталості функції \(f(x)=\frac{2}{3−x}\) .,single_choice,,manual,imported_from_lms,Алгебра,9,"['\\((−∞; 3)\\)' '\\((3;+∞)\\)' '\\((−∞; 3)\\) та \\((3;+∞)\\)'
 '\\((−∞; 3]\\) та \\([3; +∞)\\)']",[2]
46,0364c9bb-9605-4fb5-88a4-6a8b9ca2c7a4,"Є \(5\) кульок: \(3\) білі, \(1\) синя, \(1\) червона. Скільки є різних варіантів розкласти їх в ряд?",single_choice,,manual,imported_from_lms,Алгебра,9,['\\(20\\)' '\\(48\\)' '\\(60\\)' '\\(120\\)'],[0]
47,7507fa83-4883-4823-83b3-ec2d187e33de,Прикладку треба відокремити комами в такому реченні (розділові знаки пропущено):,single_choice,,manual,imported_from_lms,Українська мова,8,"['Я їхав в Одесу влаштовуватися на кінофабрику як режисер.'
 'Україна  в усній народній творчості давно оспівана як хлібний край.'
 'Осип Микитка як командир на вимогу ворога вийшов з натовпу бійців.'
 'Фільм О. Довженка «Земля» було визнано як шедевр світового кіно.']",[2]
48,a240da25-7334-4eca-b4b3-f8f436e6a14d,Знайдіть добуток коренів квадратного рівняння \(2x^{2}+x+20=0\).,single_choice,,manual,imported_from_lms,Алгебра,9,['\\(10\\)' '\\(-10\\)' 'коренів немає' '\\(-\\frac{1}{2}\\)'],[2]
49,f19926ee-7bba-4b70-ba50-1c74c6fa0c8d,"Виберіть речення, у якому правильно виділено граматичну основу.",single_choice,,manual,imported_from_lms,Українська мова,9,"['Іванвелосипедомїхавдодому.' 'Мивчимосяшукатипідметий присудки.'
 'Школярі зазвичайпіклуютьсяпропташоквзимку.'
 'Нібимедомвкритийберег моря.']",[0]
50,4927c8bf-8a2e-4c16-97a0-56c9adc6656e,Складнопідрядним реченням з однорідною підрядністю є,single_choice,,manual,imported_from_lms,Українська мова,9,"['Добре, що навпроти його будинку знаходився сад, звідки долинали пташині голоси (І. Цюпа).'
 'Але правди в брехні не розмішуй, не ганьби все підряд без пуття, бо на світі той наймудріший, хто найдужче любить життя (В. Симоненко).'
 'Тепер він уже не був певний, чи велосипедист таки справді подивився, чи йому те привиділось (Ю. Мушкетик).'
 'На твоєму людському шляху каміння, яке ти повинен прибрати, щоб тим, хто за тобою, було легше (В. Сухомлинський).']",[2]
51,da82036a-983a-47e2-9160-bf0807c36a67,Розділові знаки для передачі мови іншої людини правильно вжито в такому реченні:,single_choice,,manual,imported_from_lms,Українська мова,9,"['Отакої! Чого це кінь стоїть на веранді? здивувався Томмі.'
 '«На кухні він тільки заважав, а в вітальні йому не подобається», відповіла Пеппі.'
 'Ти тут живеш зовсім сама? — запитав Томмі.'
 '«Звісно, ні! — сказала Пеппі. — Пан Нільсон і кінь також живуть зі мною».']",[3]
52,08bd871c-a2d3-4e6e-a1a1-87a0e386500a,При яких значеннях \(a\) нерівність \(aх^2 − 2х + a \lt 0\) не має розв’язків?,single_choice,,manual,imported_from_lms,Алгебра,9,"['\\(a \\gt 1\\) або \\(a \\lt −1\\)' '\\(a ≥ 1\\)'
 '\\(−1 \\lt a \\lt 1\\)' 'таких значень не існує']",[1]
53,8b468826-8df1-4db7-98e0-67490fe424bb,Правильно розставлено розділові знаки в реченні,single_choice,,manual,imported_from_lms,Українська мова,8,"['Вже почалось, мабуть, майбутнє, оце либонь вже почалось.'
 'Вже почалось мабуть майбутнє, оце, либонь, вже почалось.'
 'Вже почалось, мабуть, майбутнє, оце либонь, вже почалось.'
 'Вже почалось, мабуть, майбутнє, оце, либонь, вже почалось.']",[3]
54,c795ae7c-c7fc-4d50-a993-bee06a5588a9,До яких регіонів Російської імперії  переселялися українські селяни у зв’язку з малоземеллям?,single_choice,,manual,imported_from_lms,Історія України,9,"['найближчі до Лівобережної та Слобідської України'
 'узбережжя Північно-Льодовитого океану' 'білоруські та польські землі'
 'Північний Кавказ, Казахстан, Середня Азія, Сибір']",[3]
55,bd1ef72b-2ecc-4161-914b-2d9240e81fcb,Складнопідрядне речення з підрядним умови відповідає на питання,single_choice,,manual,imported_from_lms,Українська мова,9,['для чого? навіщо?' 'коли? відколи?' 'чому? через що?' 'за якої умови?'],[3]
56,6b2e1321-a1be-431d-aad7-f372291242ac,"Виберіть речення, яке потребує редагування.",single_choice,,manual,imported_from_lms,Українська мова,9,"['Будь готовий до труднощів і зневіри, будуючи повітряні замки.'
 'Відчинивши двері, на мене дмухнув морозний вітер.'
 'Усвідомлюючи наслідки власних учинків, дій відповідально.'
 'Малюючи картину, художник думав про море.']",[1]
57,b9f465f9-7660-4dc3-8708-7316e78f8099,Знайдіть множину розв’язків системи нерівностей: \(\left\{\begin{matrix} -4x \leq 4; \\ 9 > 3x; \\ x+1 > 3    \end{matrix}\right.\),single_choice,,manual,imported_from_lms,Алгебра,9,['\\((2; 3)\\)' '\\([1; 3)\\)' '\\([1; 2)\\)' '\\(\\varnothing \\)'],[0]
58,c0daac49-c7d7-465b-9377-814d273ea878,Розв’яжіть рівняння \(\frac{x+6}{x^2}=\frac{2}{3x-5}\).,single_choice,,manual,imported_from_lms,Алгебра,8,['\\(-6; 53\\)' '\\(-15; 2\\)' '\\(0\\)' '\\(-2; 15\\)'],[1]
59,cfb9eccb-0ffe-4e26-8f20-55f9592facdb,Виберіть означення області допустимих значень виразу.,single_choice,,manual,imported_from_lms,Алгебра,9,"['множина значень змінної, для яких вираз не має змісту'
 'найбільше та найменше значення змінної, для яких вираз можна обчислити'
 'множина значень, яких може набувати вираз'
 'множина значень змінної, для яких вираз має зміст']",[3]
60,16d6507a-40fd-4fd6-b048-690bdcdff0a1,Знайдіть множину розв’язків системи нерівностей: \(\left\{\begin{matrix} 4x+4\geq0; \\  9−3x\geq0 \end{matrix}\right.\),single_choice,,manual,imported_from_lms,Алгебра,9,"['\\((−1, 3)\\)' '\\([−1, 3]\\)' '\\([−1, +\\infty)\\)'
 '\\((−\\infty, 3]\\)']",[1]
61,150a60c8-1164-40ed-8842-181a57c57561,Розв’яжіть рівняння і вкажіть правильний варіант відповіді: \( \sqrt{x} = x^2 \),single_choice,,manual,imported_from_lms,Алгебра,8,['\\( 0\\)' '\\( 1\\)' '\\( 0;1 \\)' '\\( 2  \\)'],[2]
62,44ca123f-897e-4e68-93bb-60eabbe94cf0,"Скільки різних шестицифрових чисел можна скласти з цифр  \(2, 3, 4, 5, 7, 8,\) якщо в кожному числі цифри не повторюються?",single_choice,,manual,imported_from_lms,Алгебра,9,['\\(231 625\\)' '\\(8!\\)' '\\(6!\\)' '\\(6^6\\)'],[2]
63,f1786579-22d1-4e00-8e24-a906e7217c75,Реформи 1860—1870-х рр. сприяли,single_choice,,manual,imported_from_lms,Історія України,9,"['притоку іноземного капіталу в промисловість Донбасу і Півдня України'
 'зменшенню ролі інтелігенції в суспільстві' 'зменшенню урбанізації'
 'розвитку вугледобування на Правобережній Україні']",[0]
64,d4c5cefe-4dc7-45f2-9096-1538f5aecc73,Який розмір козацького реєстру передбачав Білоцерківський договір?,single_choice,,manual,imported_from_lms,Історія України,8,['10 000' '20 000' '40 000' '60 000'],[1]
65,70d35f17-d483-406f-9fbe-ac1048412e1e,"Нехай послідовність \((b_n)\) — геометрична прогресія, знаменник якої дорівнює 2. Відомо, що сума перших її  п’яти членів дорівнює 62. Чому дорівнює \(b_1\)?",single_choice,,manual,imported_from_lms,Алгебра,9,['2' '3' '4' '5'],[0]
66,0b09a2b9-faae-458f-af07-a8a46526880a,"Укажіть рядок, у якому зазначено правильне твердження.",single_choice,,manual,imported_from_lms,Українська мова,9,"['основними видами складнопідрядних речень є рівноправні та нерівноправні'
 'основними видами складнопідрядних речень є прямі та непрямі'
 'основними видами складнопідрядних речень є головні та залежні'
 ""основними видами складнопідрядних речень є з'ясувальні, означальні, обставинні.""]",[3]
67,7ee81067-e5fb-436b-bcb8-484a8733779d,Віленське перемир'я  було укладене між,single_choice,,manual,imported_from_lms,Історія України,8,"['Московією та Кримським ханством' 'Московією та Річчю Посполитою'
 'Річчю Посполитою та Шведським королівством'
 'Річчю Посполитою та Кримським ханством']",[1]
68,d8c6588a-dbf4-46f5-b82e-51d0d480e481,"Розв'яжіть систему рівнянь \( \begin{cases} y-x = 2; \\[2ex] xy-y=10 \end{cases} \). Якщо пари чисел \( (x_1; y_1)\) і \( (x_2; y_2)\) – розв’язки системи рівнянь, то \(x_1y_1+x_2y_2=\)",single_choice,,manual,imported_from_lms,Алгебра,9,['\\(23\\)' '\\(7 \\)' '\\(35 \\)' '\\(-26\\)'],[0]
69,77949ba9-c8cb-4678-9b92-aef95ff9bf13,"Який розділовий знак потрібно поставити на місці пропуску в наведеному  реченні? Гаррі вдруге дивом пощастило врятуватися від Волдеморта … і навіть через кілька тижнів Гаррі прокидався серед ночі, обливаючись холодним потом, і думав про Волдеморта, пригадував його ошаліле обличчя, нестямно вирячені очі.",single_choice,,manual,imported_from_lms,Українська мова,9,['кому' 'двокрапку' 'тире' 'крапку з комою'],[3]
70,a9a5458b-8c52-4534-ba90-879b2daefea7,"У якому році було опубліковано брошуру, де вперше проголошено ідею незалежності України і зазначено: «Вільна, велика, незалежна, політично самостійна Україна — одна, нероздільна від Сяну по Кавказ!»",single_choice,,manual,imported_from_lms,Історія України,9,['1895 р.' '1899 р.' '1890 р.' '1900 р.'],[0]
71,7993307c-3808-4ffc-8e6e-770d52b92983,Знайдіть речення з кількома підрядними.,single_choice,,manual,imported_from_lms,Українська мова,9,"['Я думаю, що коли б я був художником, то намалював би зовсім інший міст (В. Кисельов).'
 'Місяць тихо, крадькома викотився увесь на небо, неначе через велику силу виліз з води (І. Нечуй-Левицький).'
 'Хлопчак вихопив з криги шпень і почав ним, як веслом, підганяти крижину до берега (М. Стельмах).'
 'Може, тому що вдень всю увагу на себе привертала зелень у всіх відтінках, вночі в нашому роду домінували звуки й пахощі (І. Вільде).']",[0]
72,ea3ff407-75fe-4de1-8816-ee6c62ba0297,Видобуток якої корисної копалини був провідною галуззю промисловості Східної Галичини наприкінці ХІХ ст.?,single_choice,,manual,imported_from_lms,Історія України,9,"['нафта' ""кам'яне вугілля"" 'залізна руда' 'марганець']",[0]
73,1f515ef2-7680-439b-baf1-28fac483aa8d,Позначте речення із сурядним єднальним сполучником.,single_choice,,manual,imported_from_lms,Українська мова,9,"['Тітонька Мардж почала потроху освоюватися, а Гаррі не сумував за життям без неї в будинку номер чотири.'
 'Гаррі почув, що Дурслі встають з за столу, і поспішив нагору, подалі від гріха.'
 'Доки Дадлі доїдав четвертий шматок торта, тітка Петунія сьорбала каву, відчепіривши мізинця.'
 'Гаррі не тільки вискочив з-за столу, а й він одразу ж побіг до комірчини під сходами.']",[3]
74,c7c52ccd-5d01-4114-8c1f-5b335698b342,Знайдіть область визначення функції \(\frac{1}{\sqrt{4-2x}}+\frac{1}{\sqrt{x-9}}\),single_choice,,manual,imported_from_lms,Алгебра,9,['\\((2; 9)\\)' '\\([2; 9]\\)' '\\( [2; 9)\\)' '\\(∅\\)'],[3]
75,c3a9a942-e773-4029-8bc4-7ec83fc3f6ab,Яке значення ОДЗ має вираз \(\sqrt{\frac{x-3}{x^{2}-9}}\) ?,single_choice,,manual,imported_from_lms,Алгебра,9,"['\\(x>3\\)' '\\(x>-3\\)' '\\(x\\neq 3\\), \\(x\\neq -3\\)'
 '\\(x>-3\\), \\(x\\neq 3\\)']",[3]
76,70d15a7b-3b05-4374-acaf-5c1d56c648ea,"У реченні Дарма...що сніг хрумкотить під ногами, але весна своє бере на місці крапок потрібно поставити",single_choice,,manual,imported_from_lms,Українська мова,9,['кому' 'тире' 'кому й тире' 'нічого'],[3]
77,ae59c81c-58c8-4466-8cc9-4a4a1b43e4d4,"Визначте важливу відмінність «молодих громад» від «старої громади», що існували в Наддніпрянській Україні у другій половині ХІХ ст.?",single_choice,,manual,imported_from_lms,Історія України,9,"['виступали за політизацію національно-визвольної боротьби'
 'активно готували народне повстання проти самодержавства'
 'налагодили тісну співпрацю з польським визвольним рухом'
 'відкрили легальні осередки в усіх губерніях Наддніпрянщини']",[0]
78,7b8c838d-7a51-4532-8661-2234f54b07cc,"Більшість українського населення на землях, підконтрольних і Російській, і Австрійській імперіям, становило:",single_choice,,manual,imported_from_lms,Історія України,9,['селянство' 'міщанство' 'робітництво' 'інтелігенція'],[0]
79,f24a8452-3c74-4793-9c53-ec7983fb6039,Де в Україні організовано перший спеціалізований заклад музичного профілю?,single_choice,,manual,imported_from_lms,Історія України,8,['у Глухові' 'у Батурині' 'у Києві' 'у Чигирині'],[0]
80,87d7356d-3c4d-4ed2-8e2c-5b0ca28c0d2d,У якому регіоні під впливом «весни народів» активізувався український національний рух?,single_choice,,manual,imported_from_lms,Історія України,9,['Слобожанщині' 'Західній Волині' 'Східній Галичині' 'Запорожжі'],[2]
81,90234b9b-0809-47c3-a1ad-97d482a55429,Виконайте додавання дробів та позначте правильну відповідь. \(\frac{x+1}{x^2+7x+12}+\frac{2}{x+3}\),single_choice,,manual,imported_from_lms,Алгебра,8,"['\\(\\frac{x+3}{x^2+8x+15}\\)' '\\(\\frac{x+3}{x^2+7x+12}\\)'
 '\\(\\frac{3}{x+3}\\)' '\\(\\frac{3}{x+4}\\)']",[3]
82,c60a89c9-cad6-4eca-8808-e292a29d3433,"Безсполучниковими є всі речення, ОКРІМ",single_choice,,manual,imported_from_lms,Українська мова,9,"['Все густіші на душі тумани, все лютіша на душі зима (Т. Мельничук).'
 'Ніч запропонувала дивну забаву – змусила мільйон зірок шукати собі на землі люстерко (Люко Дашвар).'
 'Насправді ж людина неповторна в усьому: і в найвищому щасті, і в горі, і в біді, навіть у дурощах своїх (П. Загребельний).'
 'Зорі крізь щілини в клуню дивились поглядом тихим, далеким, глибоким: холодно вночі усім одиноким (Л. Костенко).']",[2]
83,f2619fbf-7e14-493a-a2ea-38d05d945a9e,"Виберіть правильне продовження твердження. Синтаксис — розділ науки про мову, що вивчає…",single_choice,,manual,imported_from_lms,Українська мова,8,"['способи об’єднання слів у словосполученні й реченні, будову словосполучень і речень'
 'текст, зміст та його будову'
 'слова, їхнє значення, походження й уживання'
 'стійкі словосполучення, їхнє значення й уживання']",[0]
84,78cb9044-8a12-4f4a-bf4e-a8af259b1b95,"Складнопідрядне речення з з підрядним допусту утвориться, якщо речення “Я люблю читати...” доповнити",single_choice,,manual,imported_from_lms,Українська мова,9,"['коли їду в довгу подорож.'
 'так що завжди можу поговорити на будь-які теми.'
 'хоч і маю мало вільного часу.' 'де є хороше світло й затишок.']",[2]
85,a71d66bf-651b-442e-bd74-0110b5f91b5e,Спростіть вираз: \(2x^{-3}y^4⋅(-5)x^2y^{-4}\).,single_choice,,manual,imported_from_lms,Алгебра,8,"['\\(10x^{-1}\\)' '\\(-10x^{-6}y^{-16}\\)' '\\(10x^{-6}y^{-16}\\)'
 '\\(-10x^{-1}\\)']",[3]
86,81d5093d-8b69-4d34-97d3-ed25b4f2ce70,Хто був автором програмного документу РУП «Самостійна Україна»?,single_choice,,manual,imported_from_lms,Історія України,9,"['Дмитро Антонович' 'Микола Міхновський' 'Боніфатій Камінський'
 'Михайло Русов']",[1]
87,5a67267b-0888-4d3e-8dab-e3af50fd32b1,Яка подія європейської історії відіграла вирішальну роль у процесі формування національної свідомості українців наприкінці XVIII – у першій половині ХІХ ст.?,single_choice,,manual,imported_from_lms,Історія України,9,"['Велика Французька революція' 'Весна народів'
 'Польське повстання 1863-1864 рр.' 'Пʼємонтська революція']",[0]
88,b3a5f059-9ec4-4023-8b07-b877728aa660,Укажіть речення з прямим порядком слів.,single_choice,,manual,imported_from_lms,Українська мова,8,"['Завтра розпочнуться канікули.' 'Літні канікули розпочнуться завтра.'
 'Розпочнуться завтра канікули?' 'А завтра канікули?']",[1]
89,5412706a-dfdd-43a4-a08d-03f889fc96bb,"Виберіть рядок, у якому перелічено всі губернії, що входили до складу Малоросійського генерал-губернаторства.",single_choice,,manual,imported_from_lms,Історія України,9,"['Катеринославська, Херсонська, Таврійська'
 'Полтавська, Чернігівська, Харківська' 'Київська, Подільська, Волинська'
 'Чернігівська, Полтавська, Херсонська']",[1]
90,ac40fe9b-2210-42d8-8db6-aaf1fcb3eabc,Знайдіть множину розв’язків нерівності \(5−3x ≥ 5x+21\).,single_choice,,manual,imported_from_lms,Алгебра,9,['\\((−∞; −2)\\)' '\\((−∞; −2]\\)' '\\([2;+∞]\\)' '\\((2; +∞)\\)'],[1]
91,4c9b3f71-677e-4845-9320-0ad200aa900b,Спростіть вираз \(\frac{-x^2+7x-12}{x-3}\).,single_choice,,manual,imported_from_lms,Алгебра,8,['\\(x-4\\)' '\\(4-x\\)' '\\(x+4\\)' '\\(x-3 \\)'],[1]
92,07c8f595-8990-4f7a-b558-c96f3b7eb652,Виберіть правильне твердження.,single_choice,,manual,imported_from_lms,Українська мова,9,"[""складнопідрядне речення — це таке складне речення, частини якого рівноправні та з'єднуються в одне смислове та граматичне ціле за допомогою сполучників""
 ""складнопідрядне речення — це таке складне речення, частини якого нерівноправні та з'єднуються в одне смислове та граматичне ціле за допомогою інтонації, підрядних сполучників та сполучних слів""
 ""складнопідрядне речення — це таке складне речення, частини якого з'єднуються в одне смислове та граматичне ціле за допомогою інтонації""
 ""складнопідрядне речення — це таке складне речення, частини якого нерівноправні та з'єднуються в одне смислове та граматичне ціле за допомогою інтонації, сурядних сполучників та іноді сполучних слів""]",[1]
93,75abb50b-4c19-4998-b031-b7661e90833d,"Укажіть речення, де немає помилок у вживанні тире між підметом та присудком.",single_choice,,manual,imported_from_lms,Українська мова,8,"['Навчитись читати важлива навичка у початковій школі.'
 'Це моя мрія – розпочати свою справу.' 'Три на чотири дванадцять.'
 'А там ростуть волошки.']",[1]
94,2eb44735-dcf9-4bc3-ac9b-114a324b5bc9,Виберіть формулу для обчислення суми n членів геометричної прогресії \((b_n)\)  зі знаменником q≠1.,single_choice,,manual,imported_from_lms,Алгебра,9,"['\\(S_n=\\frac{b_{n+1}-b_n}{q-1}\\)' '\\(S_n=\\frac{b_{n+1}-b_1}{q-1}\\)'
 '\\(S_n=\\frac{b_n-b_{n-1}}{q-1}\\)' '\\(S_n=\\frac{b_{n+1}-b_n}{q+1}\\)']",[1]
95,bf758fc4-0620-405c-9b50-6fadf1868a0b,"Укажіть речення, у якому всі розділові знаки вжито правильно.",single_choice,,manual,imported_from_lms,Українська мова,9,"['Юність вчать – наука їй не шкодить, але рветься зойк у мене з вуст хай до неї близько не підходить із своєю міркою Прокруст! (В. Симоненко).'
 'Виявляється, коли їм скрута, птахи просто горнуться до людини вони зовсім довіряються їй (О. Гончар).'
 'Розвалювалася темрява коли з-під неї виходила земля і вилітав  жайворонок (М. Стельмах).'
 'На світі у кожного сонце своє; любенько живеться, як сонечко є (В. Александров).']",[3]
96,c9585172-26e2-4d96-a1e7-435b2014118b,"В повній гральній колоді \(52\) карти: чотири масті, в кожній з яких є \(13\) різних карт (від \(2\) до туза). На столі лежать \(5\) карт, серед яких рівно \(3\) туза. У Івана в руках є дві карти. Яка ймовірність того, що одна з карт Івана — це туз?",single_choice,,manual,imported_from_lms,Алгебра,9,"['\\(\\frac{1}{47}\\)' '\\(\\frac{1}{4}\\)' '\\(\\frac{2}{47}\\)'
 '\\(0\\)']",[2]
97,78f1c653-6fdb-4819-acfc-4fe964b757b3,"Виберіть речення, частини якого поєднані сполучним словом.",single_choice,,manual,imported_from_lms,Українська мова,9,"['Ще не прийшла весна, хоч вже гримлять потоки (О. Олесь).'
 'Ми рушили до будинку, що виднівся на околиці села.'
 'Джерела живуть доти, доки над ними нахиляються попечені жагою губи (І.Драч).'
 'Життя зриває дні мої, неначе вітер зриває листя.']",[1]
98,090b2283-7c7b-48b6-8fdc-8bd4d4f78be1,Недослівний спосіб передачі мовлення іншої людини називають,single_choice,,manual,imported_from_lms,Українська мова,9,['прямою мовою' 'непрямою мовою' 'цитатою' 'діалогом'],[1]
99,13e767e7-c6e1-420c-a5e8-e3b4bd429e18,"Винесіть множник з-під знака кореня та оберіть правильний варіант відповіді: \(\sqrt{-98x^5y^{12}z^{14}}\), якщо \(z < 0\)",single_choice,,manual,imported_from_lms,Алгебра,8,"['\\(-7x^2y^6z^7\\sqrt{-2x} \\)' '\\(7x^2y^6z^7\\sqrt{-2x} \\)'
 '\\(-7x^4y^{12}z^{14}\\sqrt{-2x} \\)' '\\(7x^2y^6z^7\\sqrt{2x} \\)']",[0]
100,2d35ce05-ac2d-4c5c-b719-15975a930e82,У геометричній прогресії \((b_n)\) перший член \(b_1=-1\) та знаменник \(q=-5\). Чому дорівнює \(b_4\)?,single_choice,,manual,imported_from_lms,Алгебра,9,['-125' '625' '125' '-625'],[2]
101,020c74d2-c6f5-42dc-a93b-f72dd97fde44,Укажіть складне речення із сурядним та підрядним зв’язком.,single_choice,,manual,imported_from_lms,Українська мова,9,"['Ти до мене прийшла не із казки чи сну, і здалося мені, що стрічаю весну (В. Симоненко).'
 'Заблукати — не сором, соромно йти хибним шляхом: помилившись, не соромся виправитись (Сократ).'
 'Найдорожче для людини —це думка, і вся солодкість думки — в рідній мові (В. Чорновіл).'
 'Усяк той кущ хвалить, під яким сидить (народна творчість).']",[0]
102,c256d512-54a9-4142-81d1-50f5514d52e5,Що таке цитата?,single_choice,,manual,imported_from_lms,Українська мова,9,"['поєднання рядків у вірші, що мають певний віршовий розмір.'
 'дослівно переданий фрагмент висловлювання іншої людини чи уривок із тексту.'
 'найбільш напружений момент у розвитку дії художнього твору.'
 'чуже мовлення, що передається не дослівно, а зі збереженням лише основного змісту висловлювання.']",[1]
103,5af0a1b8-2271-458c-a96d-6f4041e76f3e,"Знайдіть значення виразу \(\sqrt2⋅\sqrt{0,32}+\sqrt{(-3)^2⋅0,16}-\frac{\sqrt{39}}{\sqrt{13}}-\sqrt{(\sqrt3-2)^2}\).",single_choice,,manual,imported_from_lms,Алгебра,8,"['\\(1\\)' '\\(-1\\)' '\\(0\\)' '\\(0,4\\)']",[2]
104,36f244f5-75c0-4e6c-b47c-9a2a6a88f4c4,Поширених однорідних членів НЕМАЄ у реченні:,single_choice,,manual,imported_from_lms,Українська мова,8,"['На кримських горах росли розлогі сосни й стрункі кипариси.'
 'Важкий грузовик помаленьку, мляво сунувся по шосе.'
 'Найкращі книги зберігають мудрість і красу, глибину переживань і поклик до щастя.'
 'Неправдою далеко зайдеш, та назад не вернешся.']",[1]
105,2c4e0c8a-0f08-402b-b9df-c3d8a30a6b40,Два ряди однорідних членів є в реченнях:,single_choice,,manual,imported_from_lms,Українська мова,8,"['Чарівний світ пливе переді мною: сині води, білі піски, хати на високих берегах.'
 'Гаряче сонце заглянуло під грушу, обсипало вогнем білу сорочку, чорняве лице.'
 'Лист черкається об лист і тихо дзвенить.'
 'Дівчина витягла відро води коромислом, вхопила другим кінцем коромисла друге відро, жваво кинула коромисло на плече й пішла на згористий берег.']",[1]
106,462f0b24-371e-411f-aeef-365d9c3160ae,Узагальнювальне слово стоїть перед однорідними членами в реченні (розділові знаки пропущено):,single_choice,,manual,imported_from_lms,Українська мова,8,"['Дід розмовляв із кіньми з телятами з травами зі старою грушею і дубом з усім живим.'
 'Із дерева на дерево перелітали всякі пташки як-от рябчик, синиця, сорока.'
 'Повітря рослини води усі славлять блакить.'
 'І квіти і зорі й зелені віти провадять розмови кохані про вічную силу весни на сім світі про чари потужні весняні.']",[1]
107,e78c0b22-74d5-484c-a4af-42898ff1ab40,Правильно поставлено розділові знаки в реченні з однорідними членами,single_choice,,manual,imported_from_lms,Українська мова,8,"['Усе в чеканні: спілі краплі рос, земля і місяць, вишні і тополі.'
 'Попідтинню сіромаха і днює, й ночує.'
 'Кожен кущик, горбок, долинка, кожна стежечка: все се було йому знайоме, промовляло до його.'
 ""Од свіжого подиху ранку злегка тремтіли жита, з рум'яного сходу линуло світло, і м'якими хвилями розпливалось поміж небом і землею.""]",[0]
108,1dd3b2e4-98cb-4921-a9fa-24abb3c9f7d8,"Ах, як усього багато ... неба, сонця, веселої зелені. На місці трьох крапок має стояти",single_choice,,manual,imported_from_lms,Українська мова,8,['кома' 'тире' 'двокрапка' 'нічого не має стояти'],[2]
109,2966ef8f-c873-45cc-ba2c-5eec1407bc38,Розв'яжіть рівняння \(\frac{x + 3}{3x - 2} - \frac{x + 1}{3x + 2} = 0\).,single_choice,,manual,imported_from_lms,Алгебра,8,"['\\(- \\frac{5}{4}\\)' '\\(\\  - \\frac{1}{3}\\)' '\\(\\  - 0,8\\)'
 '\\(0,8\\)']",[2]
110,4cbdc942-bc3d-48dd-ab0e-dd5853cd05a5,Яка область допустимих значень (ОДЗ) виразу \(\frac{a-3}{a-5}\times\frac{a-5}{a^{2}-9}\) ?,single_choice,,manual,imported_from_lms,Алгебра,9,"['\\(a\\neq 3\\) , \\(a\\neq -3\\)' '\\(a\\neq 3\\) , \\(a\\neq 5\\)'
 '\\(a\\neq -3\\)' '\\(a\\neq 5\\), \\(a\\neq 3\\), \\(a\\neq -3\\)']",[3]
111,23eadb30-1e87-4484-886a-db3c6cf8868c,Складнопідрядним реченням з підрядним місця,single_choice,,manual,imported_from_lms,Українська мова,9,"['Ти сидів за хатою на траві й прислухався до жайворонкового співу, який долинав із польового піднебесся (Є.Гуцало).'
 'Коней пустили на прибережні луки, яких ніколи не торкалася коса       (Ю. Яновський).'
 ""Де нема любові і страждання, там не живе, не б'ється і життя…             (О. Олесь).""
 'Небо, яке засіяли зорі, чудово заблищало (І. Нечуй-Левицький).']",[2]
112,ecb0cacd-f1a8-4510-ac47-21844444d4de,Знайдіть множину розв’язків нерівності \(4-2(x+3) ≥ 5(x-4)+6.\),single_choice,,manual,imported_from_lms,Алгебра,9,"['\\((-∞, 1\\frac{5}{7})\\)' '\\((-∞, 1\\frac{5}{7}]\\)'
 '\\([2\\frac{1}{7}, +∞]\\)' '\\((2\\frac{1}{7}, +∞)\\)']",[1]
113,8eab508e-3ca3-4256-a40b-27cba251e8e8,Розв’яжіть рівняння та зазначте правильну відповідь: \(3x - 12 = \sqrt{x^2}\),single_choice,,manual,imported_from_lms,Алгебра,8,['\\(6 \\)' '\\(3 \\)' '\\(6; 3 \\)' '\\(-6; -3 \\)'],[0]
114,48c70b0a-c712-4c27-ad2c-01fd4bd61af9,"Театр у Єлизаветграді (Кропивницькому), що виник у 1882 році та якого входили Марко Кропивницький, родина Тобілевичів, називався",single_choice,,manual,imported_from_lms,Історія України,9,"['«Руська бесіда»' '«Театр корифеїв»' '«Маролосійський театр»'
 '«Народний театр»']",[1]
115,34c5e6a0-5d1a-4b04-b063-4be58e529ca6,"Розв’яжіть систему \( \begin{cases} x-y = 7; \\[2ex] xy=-10 \end{cases} \). Якщо \( (x_1; y_1)\)  – розв’язок цієї системи, то \(x_1 ⋅ y_1 =\)",single_choice,,manual,imported_from_lms,Алгебра,9,['\\(7 \\)' '\\(-3 \\)' '\\(10 \\)' '\\(-10\\)'],[3]
116,4db629de-4457-49a4-af9d-aade73e22a24,"Розв'яжіть систему рівнянь \( \begin{cases} xy = -12; \\[2ex] x(2y-1)=-18 \end{cases} \). Якщо \( (x_1; y_1)\) – розв’язок цієї системи, то \(y_1=\)?",single_choice,,manual,imported_from_lms,Алгебра,9,['\\(-9\\)' '\\(-6 \\)' '\\(6 \\)' '\\(2\\)'],[3]
117,52bfeaa0-69ad-43cc-924f-04b69f211a9c,Означення правильно визначено в такому реченні:,single_choice,,manual,imported_from_lms,Українська мова,8,"['Його ніхто сюди не запрошував. Означення – його.'
 'Його погляд спрямований до моря. Означення – його.'
 'Її визнали найкращою піаністкою року. Означення – її.'
 'Її запросили до Київської консерваторії. Означення – її.']",[1]
118,6e3c038f-951f-48d8-8d6e-bae5896ef867,Яка теза відповідає умовам Березневих статей?,single_choice,,manual,imported_from_lms,Історія України,8,"['гетьмана й старшину призначав виключно цар'
 'українська адміністрація та суд підпорядковувалися Москві'
 'збиранням податків займався призначений з Московії воєвода'
 'кількість козацького війська мала складати 60 тис. осіб.']",[3]
119,0c40b757-f992-4b82-9791-9953750d5bca,Дано: \(-11,single_choice,,manual,imported_from_lms,Алгебра,9,"['\\(-42<-7a<77\\)' '\\(77<-7a<42\\)' '\\(-18<-7a<-13\\)'
 '\\(-4<-7a<-1\\)']",[0]
120,29976119-6d4f-4d1a-afdd-0b03d91cdade,"До якого типу належить виділений сполучник у запропонованому складному реченні? У гаманці на дні валізи ще була жменька чаклунського золота, але решта батьківської спадщини зберігалася в сейфі лондонського чаклунського банку «Ґрінґотс».",single_choice,,manual,imported_from_lms,Українська мова,9,"['підрядний означальний' 'сурядний єднальний' 'сурядний протиставний'
 'це не сполучник, а сполучне слово']",[2]
121,12b82927-ad70-4357-bfd3-4628c561959b,"Двокрапку між частинами безсполучникового складного речення потрібно ставити в усіх реченнях, окрім наступного (розділові знаки пропущено):",single_choice,,manual,imported_from_lms,Українська мова,9,"['І чую пульсують соки у тіло моє з землі (В. Симоненко).'
 'Сьогодні я маю право назвати себе щасливим я пізнав творчу радість (Л. Дмитерко).'
 'У глибині лісу стукав дятел пищали синиці (О. Десняк).'
 'Добре тому багатому його люди знають (Т. Шевченко).']",[2]
122,5cbc8fe3-e6cd-4e61-8d0a-11213303bf12,Сполучниками складнопідрядних речень з підрядним допусту є,single_choice,,manual,imported_from_lms,Українська мова,9,"['для того щоб, аби' 'мов, наче, ніби' 'хоч, хай, дарма що' 'якщо, якби']",[2]
123,de442b92-1432-463a-9ed8-3771702c04f1,Яка подія відбулася в 1783 р. на підконтрольних російській імперії українських землях?,single_choice,,manual,imported_from_lms,Історія України,8,"['скасовано полковий адміністративний устрій та утворено намісництва'
 'оприлюднено «Жалувану грамоту російському дворянству»'
 'остаточно ліквідовано посаду гетьмана'
 'закріпачено селянство Гетьманщини']",[3]
124,dc5e836d-0d62-4323-b7fa-3e73c3b9f879,Знайдіть неповне речення з пропущеним підметом.,single_choice,,manual,imported_from_lms,Українська мова,8,"['Науці належить розум, а поезії – душа.' 'Над Києвом – золотий гомін.'
 'Знов погляди їхні зійшлись, як мечі: у нього – нещадний, благальний – у неї.'
 'Половина саду цвіте, половина – в’яне.']",[2]
125,2cf9c757-85f1-4da0-8a27-6bfc793b4183,"У якому році було оприлюднено Валуєвський циркуляр, який забороняв видання книжок українською мовою?",single_choice,,manual,imported_from_lms,Українська мова,9,['1840' '1798' '1863' '1876'],[3]
126,67560974-691d-4fc9-87ad-9a58502c8a16,Виберіть формулу для пошуку суми коренів квадратного рівняння \(ax^2+bx+c=0\).,single_choice,,manual,imported_from_lms,Алгебра,9,"['\\(\\frac{b}{a}\\)' '\\(−\\frac{b}{a}\\)' '\\(\\frac{b}{2a}\\)'
 '\\(−\\frac{b}{2a}\\)']",[1]
127,67ee598d-7509-40db-83e8-32dd27dc706f,"Скількома способами можна розфарбувати сторони чотирикутника у \(4\) різні кольори, так, щоб всі сторони були різного кольору?",single_choice,,manual,imported_from_lms,Алгебра,9,['\\( 12\\)' '\\( 24\\)' '\\(128\\)' '\\( 256\\)'],[1]
128,fc518262-ef61-45f9-82cf-702d9265e24a,Спрощення,single_choice,,manual,imported_from_lms,Українська мова,8,"['бриз..нути, улес..ливий, очис..ний, реміс..ник'
 'проїз..ний, хрус..нути, балас..ний, віс..ник'
 'доблес..ний, якіс..ний, хрес..ний, випус..ний'
 'безшелес..но, гіган..ський, виїз..ний, облас..ний']",[0]
129,52c5e4d8-f4db-4bb8-ae8c-7c9452c923e6,Непоширені однорідні члени вжито в реченні,single_choice,,manual,imported_from_lms,Українська мова,8,"['Човен плавко загойдався на волі, а далі тихо й рівно посунув по воді над зорями.'
 'Ні, я хочу крізь сльози сміятись, серед лиха співати пісні...'
 'Ловлю останній промінь на хмарах, продовжую тебе у вогні, в лампі, у фейєрверках, збираю з квіток,'
 'По лісах блукали кози, тури, олені, вовки, кабани, ведмеді, лосі, рисі, зубри, борсуки.']",[3]
130,fefe7a44-cf18-45ce-a5d5-ea6fec41c3c4,Яке місто стало провідним центром українського культурно-освітнього руху у Галичині в 30-40-х рр. 19 ст.?,single_choice,,manual,imported_from_lms,Історія України,9,['Львів' 'Холм' 'Тернопіль' 'Станіслав'],[0]
131,16bb7c23-9a3c-400d-b096-d8cf38edf676,"Укажіть місто, центральна площа якого зображена автором гравюри на початку ХІХ століття.",single_choice,,manual,imported_from_lms,Історія України,9,['Чернігів' 'Ніжин' 'Полтава' 'Суми'],[2]
132,33fc65db-30c4-4ae0-ac5c-e877fa2b17b1,"Яким членом речення є виділене слово в реченні «Недалеко от Богуслава, коло Росі, в довгому покрученому яру розкинулось село Семигори »?",single_choice,,manual,imported_from_lms,Українська мова,8,['підмет' 'означення' 'додаток' 'обставина'],[1]
133,49de3dcd-4f95-45af-bdde-73e18264bc01,Основною повинністю козаків Слобожанщини була,single_choice,,manual,imported_from_lms,Історія України,8,"['перешкоджання втечам селян з ресійських земель на Дон'
 'видобуток солі та охорона соляних промислів'
 'сплата оброку в царську, а пізніше — імперську казну'
 'охорона кордонів Московії']",[3]
134,c26de70f-3495-416b-a2d2-70e6703d1aae,Виділіть квадрат двочлена з квадратного тричлена \(x^2-8x-2\).,single_choice,,manual,imported_from_lms,Алгебра,8,['\\((x-4)^2-18\\)' '\\((x-4)^2+12\\)' '\\((x+4)^2-18\\)' '(\\(x-1)^2\\)'],[0]
135,ca2b0783-1f3c-4914-89c8-1eb7ce494f2f,Як називалися органи самоврядування в містах згідно з міською реформою 1870 р.?,single_choice,,manual,imported_from_lms,Історія України,9,"['думи та управи' 'міські виконавчі комітети' 'міські дворянські збори'
 'земства']",[0]
136,4afc6755-e3f1-4135-bb32-6cdd20843232,Хто очолював українську громаду в І Державній думі Російської імперії?,single_choice,,manual,imported_from_lms,Історія України,9,['Є. Чикаленко' 'В. Винниченко' 'І. Шраг' 'Д. Донцов'],[2]
137,879fa57a-f06b-47d6-9370-99a8be025867,Що означає завершення промислового перевороту?,single_choice,,manual,imported_from_lms,Історія України,9,"['механізацію сільського господарства' 'появу монополій'
 'однакові темпи розвитку промисловості в усіх регіонах країни'
 'перехід до фабричного виробництва в провідних галузях промисловості']",[3]
138,76cdbd2e-ba9a-406d-904c-91b8d7dbc85e,Як потрібно виокремлювати пряму мову на письмі?,single_choice,,manual,imported_from_lms,Українська мова,9,"['за допомогою дужок' 'за допомогою ком' 'писати з абзацу'
 'за допомогою лапок']",[3]
139,6838f785-33b2-400f-8bf1-630b2498b292,На місці пропуску потрібно поставити тире в такому реченні:,single_choice,,manual,imported_from_lms,Українська мова,9,"['Земелька стогне … дощі забарились (Т. Приймалюк).'
 'Говорить … шовком шиє (Народна творчість).'
 'І не можна долі дорікати … всіх не може обігріть вона (В. Симоненко).'
 'Засвітить місяць, засяють зорі … земля потоне в сріблястім морі (О. Олесь).']",[1]
140,19e3127c-e7b3-43bb-972b-718c0865fdc9,Складнопідрядним реченням з підрядним наслідку є,single_choice,,manual,imported_from_lms,Українська мова,9,"['Передчуття завжди багатші за почуття, бо оточені нюансами            (В. Брюгген).'
 'Якщо вдивляється в голубінь неба, то хвилюється ніби в передчутті щастя (У. Самчук).'
 'А навкруги так тихо, що росинка з листа не скотиться (М. Нагнибіда).'
 'Промовець говорив неголосно, так що на задніх лавах не все чули (В. Земляк).']",[3]
